position,song,artist
1,Last Night,Morgan Wallen
2,Fast Car,Luke Combs
3,You Proof,Morgan Wallen
4,Something In The Orange,Zach Bryan
5,Rock And A Hard Place,Bailey Zimmerman
6,Thinkin' Bout Me,Morgan Wallen
7,Thank God,Kane Brown With Katelyn Brown
8,Need A Favor,Jelly Roll
9,Thought You Should Know,Morgan Wallen
10,Religiously,Bailey Zimmerman
11,One Thing At A Time,Morgan Wallen
12,Love You Anyway,Luke Combs
13,Everything I Love,Morgan Wallen
14,Tennessee Orange,Megan Moroney
15,Wait In The Truck,HARDY Featuring Lainey Wilson
16,Next Thing You Know,Jordan Davis
17,"Going, Going, Gone",Luke Combs
18,Heart Like A Truck,Lainey Wilson
19,Try That In A Small Town,Jason Aldean
20,Dancin' In The Country,Tyler Hubbard
21,The Kind Of Love We Make,Luke Combs
22,I Remember Everything,Zach Bryan Featuring Kacey Musgraves
23,Cowgirls,Morgan Wallen Featuring ERNEST
24,Handle On You,Parker McCollum
25,Wild As Her,Corey Kent
26,Rich Men North Of Richmond,Oliver Anthony Music
27,Memory Lane,Old Dominion
28,Bury Me In Georgia,Kane Brown
29,Ain't That Some,Morgan Wallen
30,I Wrote The Book,Morgan Wallen
31,Your Heart Or Mine,Jon Pardi
32,Watermelon Moonshine,Lainey Wilson
33,"You, Me, & Whiskey",Justin Moore & Priscilla Block
34,Wasted On You,Morgan Wallen
35,Truck Bed,HARDY
36,Human,Cody Johnson
37,Everything She Ain't,Hailey Whitters
38,What He Didn't Do,Carly Pearce
39,Man Made A Bar,Morgan Wallen Featuring Eric Church
40,Dawns,Zach Bryan Featuring Maggie Rogers
41,Save Me,Jelly Roll With Lainey Wilson
42,It Matters To Her,Scotty McCreery
43,Sunrise,Morgan Wallen
44,Girl In Mine,Parmalee
45,She Had Me At Heads Carolina,Cole Swindell
46,Whiskey On You,Nate Smith
47,'98 Braves,Morgan Wallen
48,What My World Spins Around,Jordan Davis
49,Angels Don't Always Have Wings,Thomas Rhett
50,Tennessee Fan,Morgan Wallen
51,Gold,Dierks Bentley
52,Son Of A Sinner,Jelly Roll
53,Standing Room Only,Tim McGraw
54,I Can See You (Taylor's Version) (From The Vault),Taylor Swift
55,White Horse,Chris Stapleton
56,Can't Have Mine,Dylan Scott
57,You Didn't,Brett Young
58,But I Got A Beer In My Hand,Luke Bryan
59,5 Leaf Clover,Luke Combs
60,Pretty Little Poison,Warren Zeiders
61,That's What Tequila Does,Jason Aldean
62,Growin' Up And Gettin' Old,Luke Combs
63,Half Of Me,Thomas Rhett Featuring Riley Green
64,Drinkaby,Cole Swindell
65,Hey Driver,Zach Bryan Featuring The War And Treaty
66,In Your Love,Tyler Childers
67,World On Fire,Nate Smith
68,If You Go Down (I'm Goin' Down Too),Kelsea Ballerini
69,Enchanted (Taylor's Version),Taylor Swift
70,Pick Me Up,Gabby Barrett
71,Brown Eyes Baby,Keith Urban
72,Days That End In Why,Morgan Wallen
73,Looking For You,Chris Young
74,Whiskey Friends,Morgan Wallen
75,Dying Man,Morgan Wallen
76,You,Dan + Shay
77,Tourniquet,Zach Bryan
78,Fall In Love,Bailey Zimmerman
79,Water Under The Bridge,Sam Hunt
80,Heartbroken,"Diplo, Jessie Murph & Polo G"
81,Spotless,Zach Bryan Featuring The Lumineers
82,Straight And Narrow,Sam Barber
83,Burn It Down,Parker McCollum
84,We Got History,Mitchell Tenpenny
85,Neon Star (Country Boy Lullaby),Morgan Wallen
86,East Side Of Sorrow,Zach Bryan
87,Wreckage,Nate Smith
88,God Gave Me A Girl,Russell Dickerson
89,Stars Like Confetti,Dustin Lynch
90,Sun To Me,Zach Bryan
91,23,Chayce Beckham
92,I Deserve A Drink,Morgan Wallen
93,Devil Don't Know,Morgan Wallen
94,Down Home,Jimmie Allen
95,No Body,Blake Shelton
96,Born With A Beer In My Hand,Morgan Wallen
97,Me + All Your Reasons,Morgan Wallen
98,Country On,Luke Bryan
99,Out In The Middle,Zac Brown Band
100,Fear And Friday's,Zach Bryan
1,Kill Bill,SZA
2,Creepin',"Metro Boomin, The Weeknd & 21 Savage"
3,Die For You,The Weeknd & Ariana Grande
4,Snooze,SZA
5,Rich Flex,Drake & 21 Savage
6,Favorite Song,Toosii
7,Sure Thing,Miguel
8,All My Life,Lil Durk Featuring J. Cole
9,Under The Influence,Chris Brown
10,Fukumean,Gunna
11,Players,Coi Leray
12,Cuff It,Beyonce
13,Just Wanna Rock,Lil Uzi Vert
14,Superhero (Heroes & Villains),"Metro Boomin, Future & Chris Brown"
15,Search & Rescue,Drake
16,Shirt,SZA
17,Bad Habit,Steve Lacy
18,Barbie World,Nicki Minaj & Ice Spice With Aqua
19,Spin Bout U,Drake & 21 Savage
20,Paint The Town Red,Doja Cat
21,Tomorrow 2,GloRilla & Cardi B
22,Lift Me Up,Rihanna
23,Princess Diana,Ice Spice & Nicki Minaj
24,What It Is (Block Boy),Doechii Featuring Kodak Black
25,Nobody Gets Me,SZA
26,Super Freaky Girl,Nicki Minaj
27,Area Codes,Kaliii
28,Low,SZA
29,Put It On Da Floor Again,Latto Featuring Cardi B
30,Fight The Feeling,Rod Wave
31,Peaches & Eggplants,Young Nudy Featuring 21 Savage
32,Meltdown,Travis Scott Featuring Drake
33,Slut Me Out,NLE Choppa
34,On BS,Drake & 21 Savage
35,See You Again,"Tyler, The Creator Featuring Kali Uchis"
36,Stand By Me,Lil Durk Featuring Morgan Wallen
37,Circo Loco,Drake & 21 Savage
38,Trance,"Metro Boomin, Travis Scott & Young Thug"
39,Popular,"The Weeknd, Playboi Carti & Madonna"
40,Too Many Nights,Metro Boomin Featuring Don Toliver & Future
41,Pussy & Millions,Drake & 21 Savage Featuring Travis Scott
42,I Know ?,Travis Scott
43,Major Distribution,Drake & 21 Savage
44,Freestyle,Lil Baby
45,ICU,Coco Jones
46,Blind,SZA
47,In Ha Mood,Ice Spice
48,Shake Sumn,DaBaby
49,Red Ruby Da Sleeze,Nicki Minaj
50,Painting Pictures,Superstar Pride
51,Love Language,SZA
52,Oh U Went,Young Thug Featuring Drake
53,Moonlight,Kali Uchis
54,FE!N,Travis Scott Featuring Playboi Carti
55,Forever,Lil Baby Featuring Fridayy
56,Low Down,Lil Baby
57,Telekinesis,Travis Scott Featuring SZA & Future
58,K-POP,"Travis Scott, Bad Bunny & The Weeknd"
59,Open Arms,SZA Featuring Travis Scott
60,Johnny Dang,"That Mexican OT, Paul Wall & DRODi"
61,California Breeze,Lil Baby
62,Slime You Out,Drake Featuring SZA
63,Deli,Ice Spice
64,Pound Town 2,Sexyy Red & Tay Keith & Nicki Minaj
65,Ghost In The Machine,SZA Featuring Phoebe Bridgers
66,Watch This (ARIZONATEARS Pluggnb Remix),Lil Uzi Vert
67,Don't Play With It,Lola Brooke X Latto X Yung Miami Or Featuring Billy B
68,Private Landing,Don Toliver Featuring Justin Bieber & Future
69,Special,Lizzo Featuring SZA
70,Good Good,"Usher, Summer Walker & 21 Savage"
71,Shut Up My Moms Calling,Hotel Ugly
72,Niagara Falls (Foot Or 2),"Metro Boomin, Travis Scott & 21 Savage"
73,Heyy,Lil Baby
74,Jumbotron Shit Poppin,Drake
75,Privileged Rappers,Drake & 21 Savage
76,The Color Violet,Tory Lanez
77,Calling,"Metro Boomin, Swae Lee & NAV Featuring A Boogie Wit da Hoodie"
78,Seek & Destroy,SZA
79,BackOutsideBoyz,Drake
80,Back End,Finesse2Tymes
81,Flooded The Face,Lil Uzi Vert
82,Love You Better,Future
83,Call Your Friends,Rod Wave
84,Jimmy Cooks,Drake Featuring 21 Savage
85,Broke Boys,Drake & 21 Savage
86,Used,SZA Featuring Don Toliver
87,Dogtooth,"Tyler, The Creator"
88,Hours In Silence,Drake & 21 Savage
89,Billie Eilish.,Armani White
90,Out The Way,Yeat
91,Thang For You,Rylo Rodriguez Featuring NoCap
92,Bongos,Cardi B & Megan Thee Stallion
93,SkeeYee,Sexyy Red
94,My Eyes,Travis Scott
95,Double Fantasy,The Weeknd Featuring Future
96,Sprinter,Dave & Central Cee
97,Endless Fashion,Lil Uzi Vert Featuring Nicki Minaj
98,Summer Too Hot,Chris Brown
99,Topia Twins,Travis Scott Featuring Rob49 & 21 Savage
100,Annihilate,"Metro Boomin, Swae Lee, Lil Wayne & Offset"
